suite,benchmark,estimator,estimate_mean,estimate_std,error_mean,error_std,true_value,bias,variance,mse
intro_demo,bandit_tiny,IS,-0.4840149006127824,,-0.008979268765654691,,-0.4750356318471277,-0.008979268765654691,,
intro_demo,bandit_tiny,WIS,-0.4716018386763845,,0.0034337931707432157,,-0.4750356318471277,0.0034337931707432157,,
