benchmark,error,estimate,estimator,stderr,true_value
synthetic_bandit,-0.008979268765654691,-0.4840149006127824,IS,0.08512105767534794,-0.4750356318471277
synthetic_bandit,0.0034337931707432157,-0.4716018386763845,WIS,0.0916288470726228,-0.4750356318471277
synthetic_mdp,-5.764109026450875,-4.8135039683123795,IS,5.258441214144865,0.9506050581384952
synthetic_mdp,-2.476020798758553,-1.525415740620058,WIS,0.9342584891066328,0.9506050581384952
synthetic_mdp,-0.8277621213264279,0.12284293681206723,PDIS,0.8309165491932954,0.9506050581384952
synthetic_mdp,0.3977620816215658,1.348367139760061,DR,0.7679004088775522,0.9506050581384952
synthetic_mdp,0.1747540654977887,1.1253591236362839,FQE,0.059533845207857566,0.9506050581384952
